{"version":1,"desktops":[{"title":"big area","items":[{"uid":"-62Nmy9yjTrKgbYxT3FQAJ5W","secret":false,"x":0.23125,"y":0.565740740740741,"w":0.340104166666667,"h":0.124074074074074},{"uid":"GkEyeoMRBluGRaX-eKy418cE","secret":true,"x":0.4015625,"y":0.189814814814815,"w":0.169791666666667,"h":0.375925925925926},{"uid":"Q4GPi4ivqR4YZaxLi_c9tgWR","secret":false,"x":0.23125,"y":0.188888888888889,"w":0.169791666666667,"h":0.375925925925926}]},{"title":"i predict","items":[{"uid":"KVuIQ0LSpAYNUeUR9zRjOADZ","secret":false,"x":0.525520833333333,"y":0.251851851851852,"w":0.169791666666667,"h":0.375925925925926}]}]}